Year,Total Mortgage Backed Securities
2005,4.6001515494E+10
2010,1.2463814260E+11
2015,1.6593451776E+11
2019,1.5930700000E+11
